,0
Curricular units 2nd sem (approved),0.14010119711950036
Curricular units 1st sem (approved),0.11054212173006282
Curricular units 2nd sem (grade),0.10103285433619111
Tuition fees up to date,0.0776845813840066
Curricular units 1st sem (grade),0.06359227783755686
Course,0.047029683745836014
Application mode,0.04441278232605882
Curricular units 2nd sem (evaluations),0.039057017769639366
Mother's qualification,0.03039446165375357
Age at enrollment,0.02868056931480814
Father's occupation,0.02744686101910185
Scholarship holder,0.027350629040337845
Debtor,0.027285050457365807
Father's qualification,0.02678887015806389
Curricular units 1st sem (evaluations),0.025134988583898628
Mother's occupation,0.025092604538149547
Gender,0.024909291197910143
Curricular units 1st sem (enrolled),0.019061149843837888
Curricular units 2nd sem (enrolled),0.017098292521327274
Previous qualification,0.012321080083676784
Admission grade,0.011829843492887434
Previous qualification (grade),0.011527550359164529
GDP,0.00797947828454725
Unemployment rate,0.007725267182364069
Displaced,0.007518925529273537
Inflation rate,0.007217789439501062
Curricular units 1st sem (credited),0.005123907757069934
Application order,0.0047471720243709966
Marital Status,0.004709773721361352
Curricular units 2nd sem (credited),0.004384487846024743
Curricular units 2nd sem (without evaluations),0.003189103875813197
Nacionality,0.0026283007693772595
Daytime/evening attendance,0.002574474660348194
Curricular units 1st sem (without evaluations),0.002219600260952838
International,0.0008704139144864803
Educational special needs,0.0007375462213737937
